,NAME,T WNS(ns),T TNS(ns),T WHS(ns),T THS(ns),P Total On-Chip Power (W),U CLB LUTs,U CLB LUTs (%),U CLB Registers,U CLB Registers (%),U LUT as Logic,U LUT as Logic (%),U LUT as Memory,U LUT as Memory (%),E impl total,E synth synth_design,E impl open_checkpoint,E impl opt_design,E impl phys_opt_design,E impl place_design,E impl report_clock_utilization,E impl report_control_sets,E impl report_drc,E impl report_io,E impl report_methodology,E impl report_power,E impl route_design,E impl write_checkpoint,E synth create_clock,E synth total,E synth write_checkpoint,P Confidence Level,P Design Nets Matched,P Design Power Budget (W),P Device Static (W),P Dynamic (W),P Effective TJA (C/W),P Junction Temperature (C),P Max Ambient (C),P Power Budget Margin (W),P Setting File,P Simulation Activity File,T THS Failing Endpoints,T THS Total Endpoints,T TNS Failing Endpoints,T TNS Total Endpoints,T TNS(ns),T TPWS Failing Endpoints,T TPWS Total Endpoints,T TPWS(ns),T WPWS(ns),U CARRY8,U CARRY8 (%),U F7 Muxes,U F7 Muxes (%),U F8 Muxes,U F8 Muxes (%),U F9 Muxes,U F9 Muxes (%),U Register as Flip Flop,U Register as Flip Flop (%),U Register as Latch,U Register as Latch (%)
80,I352_O016_D001_II1_M0_F1_IR0_R0,5.557,0.000,0.192,0.000,7.784,69042,5.84,401,0.02,69042,5.84,0,0.00,00:25:24,00:12:49,00:02:04,00:00:25,,00:13:31,00:00:14,00:00:00,00:00:11,00:00:00,00:01:01,00:01:28,00:03:11,00:00:19,00:00:05,00:13:12,00:00:18,Medium,NA,Unspecified*,2.547,5.237,0.5,29.2,95.8,NA,---,---,0,1,0,1,0.000,0,401,0.000,2.850,0,0.00,289,0.05,1,<0.01,0,0.00,401,0.02,0,0.00
53,I352_O016_D001_II1_M0_F1_IR0_R1,5.557,0.000,0.192,0.000,7.784,69042,5.84,401,0.02,69042,5.84,0,0.00,00:24:43,00:12:30,00:02:05,00:00:25,,00:13:08,00:00:14,00:00:00,00:00:10,00:00:00,00:00:57,00:01:26,00:03:02,00:00:18,00:00:05,00:12:52,00:00:17,Medium,NA,Unspecified*,2.547,5.237,0.5,29.2,95.8,NA,---,---,0,1,0,1,0.000,0,401,0.000,2.850,0,0.00,289,0.05,1,<0.01,0,0.00,401,0.02,0,0.00
84,I352_O016_D001_II1_M0_F1_IR1_R0,-20.473,-7719.349,0.155,0.000,7.746,68724,5.81,6039,0.26,68724,5.81,0,0.00,00:44:34,00:19:12,00:02:04,00:00:26,00:01:37,00:11:58,00:00:16,00:00:00,00:00:10,00:00:00,00:00:13,00:00:54,00:25:31,00:00:19,00:00:05,00:19:35,00:00:18,Medium,NA,Unspecified*,2.547,5.199,0.5,29.2,95.8,NA,---,---,0,6436,400,6436,-7719.349,0,6039,0.000,2.850,0,0.00,250,0.04,0,0.00,0,0.00,6039,0.26,0,0.00
64,I352_O016_D001_II1_M0_F1_IR1_R1,-20.473,-7719.349,0.155,0.000,7.746,68724,5.81,6039,0.26,68724,5.81,0,0.00,00:44:04,00:19:41,00:02:09,00:00:28,00:01:24,00:11:48,00:00:16,00:00:00,00:00:10,00:00:00,00:00:13,00:00:54,00:25:19,00:00:19,00:00:05,00:20:03,00:00:17,Medium,NA,Unspecified*,2.547,5.199,0.5,29.2,95.8,NA,---,---,0,6436,400,6436,-7719.349,0,6039,0.000,2.850,0,0.00,250,0.04,0,0.00,0,0.00,6039,0.26,0,0.00
2,I352_O016_D001_II1_M1_F1_IR0_R0,NA,NA,NA,NA,5.701,56871,4.81,401,0.02,56871,4.81,0,0.00,00:27:06,00:11:55,00:01:59,00:00:21,00:00:13,00:04:50,00:00:15,00:00:00,00:00:11,00:00:00,00:01:15,00:02:07,00:10:33,00:00:18,00:00:05,00:12:17,00:00:17,Medium,NA,Unspecified*,2.516,3.185,0.5,28.1,96.9,NA,---,---,NA,NA,NA,NA,NA,0,401,0.000,2.850,0,0.00,9124,1.54,3840,1.30,0,0.00,401,0.02,0,0.00
7,I352_O016_D001_II1_M1_F1_IR0_R1,NA,NA,NA,NA,5.739,57273,4.84,401,0.02,57273,4.84,0,0.00,00:26:31,00:12:02,00:01:57,00:00:21,00:00:17,00:04:50,00:00:16,00:00:00,00:00:10,00:00:00,00:01:20,00:02:04,00:10:05,00:00:15,00:00:05,00:12:23,00:00:16,Medium,NA,Unspecified*,2.516,3.223,0.5,28.1,96.9,NA,---,---,NA,NA,NA,NA,NA,0,401,0.000,2.850,0,0.00,9121,1.54,3840,1.30,0,0.00,401,0.02,0,0.00
39,I352_O016_D001_II1_M1_F1_IR1_R0,-29.556,-10237.362,0.149,0.000,6.602,66727,5.64,6041,0.26,66727,5.64,0,0.00,08:55:51,00:30:24,00:02:03,00:00:22,00:01:20,00:11:52,00:00:14,00:00:00,00:00:10,00:00:00,00:00:12,00:00:50,08:37:20,00:00:20,00:00:05,00:30:48,00:00:19,Medium,NA,Unspecified*,2.529,4.073,0.5,28.6,96.4,NA,---,---,0,6440,421,6440,-10237.362,0,6041,0.000,2.850,0,0.00,9060,1.53,3840,1.30,0,0.00,6041,0.26,0,0.00
30,I352_O016_D001_II1_M1_F1_IR1_R1,-25.822,-9406.773,0.220,0.000,6.608,69797,5.90,6036,0.26,69797,5.90,0,0.00,00:43:06,00:26:35,00:02:08,00:00:22,00:01:20,00:10:33,00:00:13,00:00:00,00:00:10,00:00:00,00:00:11,00:00:50,00:26:02,00:00:18,00:00:05,00:26:56,00:00:16,Medium,NA,Unspecified*,2.529,4.079,0.5,28.6,96.4,NA,---,---,0,6435,548,6435,-9406.773,0,6036,0.000,2.850,0,0.00,9051,1.53,3840,1.30,0,0.00,6036,0.26,0,0.00
0,I352_O016_D001_II4_M1_F1_IR0_R1,3.391,0.000,0.092,0.000,5.834,60326,5.10,402,0.02,60326,5.10,0,0.00,00:26:40,00:12:05,00:01:57,00:00:22,,00:05:15,00:00:14,00:00:00,00:00:10,00:00:00,00:01:12,00:02:04,00:10:20,00:00:16,00:00:05,00:12:26,00:00:16,Medium,NA,Unspecified*,2.518,3.317,0.5,28.2,96.8,NA,---,---,0,402,0,402,0.000,0,402,0.000,2.850,0,0.00,9098,1.54,3840,1.30,0,0.00,402,0.02,0,0.00
41,I352_O016_D001_II4_M1_F1_IR1_R1,-27.642,-9935.841,0.052,0.000,6.542,65004,5.50,6038,0.26,65004,5.50,0,0.00,00:45:36,00:19:29,00:01:58,00:00:23,00:01:19,00:10:11,00:00:14,00:00:00,00:00:10,00:00:00,00:00:11,00:00:48,00:29:04,00:00:17,00:00:05,00:19:49,00:00:15,Medium,NA,Unspecified*,2.528,4.013,0.5,28.6,96.4,NA,---,---,0,6438,400,6438,-9935.841,0,6038,0.000,2.850,0,0.00,9103,1.54,3840,1.30,0,0.00,6038,0.26,0,0.00
107,I352_O016_D002_II1_M0_F1_IR0_R0,-8.047,-2891.968,0.152,0.000,7.481,69528,5.88,8935,0.38,69528,5.88,0,0.00,00:39:18,00:23:09,00:02:08,00:00:26,00:01:15,00:15:48,00:00:15,00:00:00,00:00:11,00:00:00,00:00:19,00:00:55,00:16:17,00:00:19,00:00:05,00:23:32,00:00:18,Medium,NA,Unspecified*,2.543,4.939,0.5,29.1,95.9,NA,---,---,0,800,375,800,-2891.968,0,8935,0.000,2.850,0,0.00,298,0.05,0,0.00,0,0.00,8935,0.38,0,0.00
58,I352_O016_D002_II1_M0_F1_IR0_R1,-8.047,-2891.968,0.152,0.000,7.481,69528,5.88,8935,0.38,69528,5.88,0,0.00,00:38:37,00:23:33,00:02:08,00:00:28,00:01:16,00:15:41,00:00:15,00:00:00,00:00:11,00:00:00,00:00:19,00:00:55,00:15:38,00:00:19,00:00:05,00:23:56,00:00:18,Medium,NA,Unspecified*,2.543,4.939,0.5,29.1,95.9,NA,---,---,0,800,375,800,-2891.968,0,8935,0.000,2.850,0,0.00,298,0.05,0,0.00,0,0.00,8935,0.38,0,0.00
95,I352_O016_D002_II1_M0_F1_IR1_R0,-8.091,-9790.678,0.052,0.000,7.222,66997,5.67,14280,0.60,66997,5.67,0,0.00,00:41:47,00:26:08,00:02:04,00:00:25,00:01:33,00:10:13,00:00:15,00:00:00,00:00:11,00:00:00,00:00:13,00:00:48,00:24:38,00:00:20,00:00:05,00:26:31,00:00:18,Medium,NA,Unspecified*,2.539,4.683,0.5,28.9,96.1,NA,---,---,0,14678,5498,14678,-9790.678,0,14280,0.000,2.850,0,0.00,326,0.06,0,0.00,0,0.00,14280,0.60,0,0.00
67,I352_O016_D002_II1_M0_F1_IR1_R1,-8.091,-9790.678,0.052,0.000,7.222,66997,5.67,14280,0.60,66997,5.67,0,0.00,00:42:34,00:25:56,00:02:04,00:00:25,00:01:39,00:10:41,00:00:15,00:00:00,00:00:11,00:00:00,00:00:14,00:00:47,00:24:51,00:00:19,00:00:05,00:26:19,00:00:18,Medium,NA,Unspecified*,2.539,4.683,0.5,28.9,96.1,NA,---,---,0,14678,5498,14678,-9790.678,0,14280,0.000,2.850,0,0.00,326,0.06,0,0.00,0,0.00,14280,0.60,0,0.00
19,I352_O016_D002_II1_M1_F1_IR0_R0,-14.398,-4801.477,0.257,0.000,6.022,56055,4.74,8044,0.34,56055,4.74,0,0.00,02:49:15,00:18:13,00:02:01,00:00:22,00:01:04,00:09:12,00:00:15,00:00:00,00:00:10,00:00:00,00:00:14,00:00:42,02:33:38,00:00:19,00:00:06,00:18:36,00:00:17,Medium,NA,Unspecified*,2.520,3.502,0.5,28.3,96.7,NA,---,---,0,801,458,801,-4801.477,0,8044,0.000,2.850,0,0.00,9095,1.54,3840,1.30,0,0.00,8044,0.34,0,0.00
21,I352_O016_D002_II1_M1_F1_IR0_R1,-13.280,-4356.604,0.076,0.000,6.012,57758,4.89,8050,0.34,57758,4.89,0,0.00,01:17:46,00:17:30,00:01:57,00:00:22,00:01:18,00:09:00,00:00:15,00:00:00,00:00:10,00:00:00,00:00:14,00:00:44,01:02:18,00:00:17,00:00:05,00:17:51,00:00:16,Medium,NA,Unspecified*,2.520,3.492,0.5,28.3,96.7,NA,---,---,0,801,391,801,-4356.604,0,8050,0.000,2.850,0,0.00,9106,1.54,3840,1.30,0,0.00,8050,0.34,0,0.00
31,I352_O016_D002_II1_M1_F1_IR1_R0,-14.040,-13804.263,0.024,0.000,6.032,55868,4.73,13746,0.58,55868,4.73,0,0.00,07:02:43,00:17:59,00:02:02,00:00:23,00:02:12,00:10:07,00:00:16,00:00:00,00:00:10,00:00:00,00:00:11,00:00:41,06:45:16,00:00:19,00:00:05,00:18:22,00:00:18,Medium,NA,Unspecified*,2.521,3.511,0.5,28.3,96.7,NA,---,---,0,14145,3825,14145,-13804.263,0,13746,0.000,2.850,0,0.00,9188,1.55,3840,1.30,0,0.00,13746,0.58,0,0.00
36,I352_O016_D002_II1_M1_F1_IR1_R1,-12.799,-14545.358,0.040,0.000,6.008,55784,4.72,13750,0.58,55784,4.72,0,0.00,00:37:58,00:19:02,00:01:58,00:00:23,00:01:12,00:10:41,00:00:15,00:00:00,00:00:10,00:00:00,00:00:12,00:00:42,00:21:07,00:00:18,00:00:05,00:19:22,00:00:15,Medium,NA,Unspecified*,2.520,3.488,0.5,28.3,96.7,NA,---,---,0,14149,3841,14149,-14545.358,0,13750,0.000,2.850,0,0.00,9180,1.55,3840,1.30,0,0.00,13750,0.58,0,0.00
94,I352_O016_D002_II4_M0_F1_IR0_R0,-8.142,-2922.493,0.054,0.000,6.605,71487,6.05,8926,0.38,71487,6.05,0,0.00,00:38:51,00:16:34,00:02:04,00:00:25,00:01:26,00:15:29,00:00:14,00:00:00,00:00:11,00:00:00,00:00:20,00:00:56,00:15:58,00:00:20,00:00:05,00:16:58,00:00:19,Medium,NA,Unspecified*,2.529,4.076,0.5,28.6,96.4,NA,---,---,0,9325,375,9325,-2922.493,0,8926,0.000,2.850,0,0.00,460,0.08,0,0.00,0,0.00,8926,0.38,0,0.00
74,I352_O016_D002_II4_M0_F1_IR0_R1,-8.142,-2922.493,0.054,0.000,6.605,71487,6.05,8926,0.38,71487,6.05,0,0.00,00:38:51,00:17:17,00:02:04,00:00:27,00:01:25,00:15:39,00:00:14,00:00:00,00:00:10,00:00:00,00:00:19,00:00:55,00:15:52,00:00:20,00:00:05,00:17:41,00:00:19,Medium,NA,Unspecified*,2.529,4.076,0.5,28.6,96.4,NA,---,---,0,9325,375,9325,-2922.493,0,8926,0.000,2.850,0,0.00,460,0.08,0,0.00,0,0.00,8926,0.38,0,0.00
99,I352_O016_D002_II4_M0_F1_IR1_R0,-7.366,-10683.657,0.050,0.000,5.532,69503,5.88,14284,0.60,69503,5.88,0,0.00,00:40:04,00:28:11,00:02:15,00:00:25,00:01:44,00:16:26,00:00:13,00:00:00,00:00:11,00:00:00,00:00:14,00:00:48,00:16:21,00:00:20,00:00:05,00:28:34,00:00:18,Medium,NA,Unspecified*,2.513,3.019,0.5,28.0,97.0,NA,---,---,0,22928,5916,22928,-10683.657,0,14284,0.000,2.850,0,0.00,447,0.08,5,<0.01,0,0.00,14284,0.60,0,0.00
71,I352_O016_D002_II4_M0_F1_IR1_R1,-7.366,-10683.657,0.050,0.000,5.532,69503,5.88,14284,0.60,69503,5.88,0,0.00,00:41:33,00:29:16,00:02:07,00:00:26,00:01:44,00:17:14,00:00:15,00:00:00,00:00:10,00:00:00,00:00:14,00:00:48,00:17:06,00:00:20,00:00:05,00:29:39,00:00:18,Medium,NA,Unspecified*,2.513,3.019,0.5,28.0,97.0,NA,---,---,0,22928,5916,22928,-10683.657,0,14284,0.000,2.850,0,0.00,447,0.08,5,<0.01,0,0.00,14284,0.60,0,0.00
23,I352_O016_D002_II4_M1_F1_IR0_R1,-11.550,-3856.568,0.063,0.000,5.321,59832,5.06,3828,0.16,59832,5.06,0,0.00,00:33:20,00:23:02,00:02:00,00:00:24,00:01:25,00:08:39,00:00:16,00:00:00,00:00:11,00:00:00,00:00:16,00:00:47,00:17:50,00:00:17,00:00:05,00:23:23,00:00:16,Medium,NA,Unspecified*,2.510,2.811,0.5,27.9,97.1,NA,---,---,0,4228,389,4228,-3856.568,0,3828,0.000,2.850,0,0.00,9095,1.54,3840,1.30,0,0.00,3828,0.16,0,0.00
34,I352_O016_D002_II4_M1_F1_IR1_R1,-13.107,-13989.161,0.044,0.000,4.993,56828,4.81,13749,0.58,56828,4.81,0,0.00,00:46:21,00:17:19,00:01:58,00:00:24,00:01:15,00:10:18,00:00:15,00:00:00,00:00:11,00:00:00,00:00:13,00:00:42,00:29:45,00:00:18,00:00:05,00:17:40,00:00:16,Medium,NA,Unspecified*,2.505,2.488,0.5,27.7,97.3,NA,---,---,0,21857,3808,21857,-13989.161,0,13749,0.000,2.850,0,0.00,9199,1.56,3840,1.30,0,0.00,13749,0.58,0,0.00
89,I352_O016_D003_II1_M0_F1_IR0_R0,-2.739,-1653.705,0.075,0.000,6.630,60166,5.09,12088,0.51,60166,5.09,0,0.00,00:32:48,00:20:58,00:02:01,00:00:24,00:01:15,00:09:06,00:00:13,00:00:00,00:00:10,00:00:00,00:00:13,00:00:38,00:17:24,00:00:17,00:00:05,00:21:19,00:00:16,Medium,NA,Unspecified*,2.530,4.100,0.5,28.6,96.4,NA,---,---,0,5477,911,5477,-1653.705,0,12088,0.000,2.850,0,0.00,375,0.06,0,0.00,0,0.00,12088,0.51,0,0.00
56,I352_O016_D003_II1_M0_F1_IR0_R1,-2.739,-1653.705,0.075,0.000,6.630,60166,5.09,12088,0.51,60166,5.09,0,0.00,00:33:20,00:21:24,00:02:02,00:00:24,00:01:18,00:09:05,00:00:15,00:00:00,00:00:12,00:00:00,00:00:14,00:00:39,00:17:45,00:00:18,00:00:05,00:21:45,00:00:16,Medium,NA,Unspecified*,2.530,4.100,0.5,28.6,96.4,NA,---,---,0,5477,911,5477,-1653.705,0,12088,0.000,2.850,0,0.00,375,0.06,0,0.00,0,0.00,12088,0.51,0,0.00
101,I352_O016_D003_II1_M0_F1_IR1_R0,-3.809,-2719.555,0.043,0.000,6.592,59094,5.00,17972,0.76,59094,5.00,0,0.00,00:32:41,00:18:49,00:02:03,00:00:24,00:01:13,00:09:42,00:00:14,00:00:00,00:00:11,00:00:00,00:00:12,00:00:37,00:16:43,00:00:18,00:00:05,00:19:11,00:00:17,Medium,NA,Unspecified*,2.529,4.063,0.5,28.6,96.4,NA,---,---,0,18370,1922,18370,-2719.555,0,17972,0.000,2.850,0,0.00,168,0.03,1,<0.01,0,0.00,17972,0.76,0,0.00
52,I352_O016_D003_II1_M0_F1_IR1_R1,-3.809,-2719.555,0.043,0.000,6.592,59094,5.00,17972,0.76,59094,5.00,0,0.00,00:32:51,00:18:58,00:02:02,00:00:25,00:01:12,00:09:31,00:00:14,00:00:00,00:00:10,00:00:00,00:00:12,00:00:38,00:17:05,00:00:18,00:00:05,00:19:20,00:00:17,Medium,NA,Unspecified*,2.529,4.063,0.5,28.6,96.4,NA,---,---,0,18370,1922,18370,-2719.555,0,17972,0.000,2.850,0,0.00,168,0.03,1,<0.01,0,0.00,17972,0.76,0,0.00
1,I352_O016_D003_II1_M1_F1_IR0_R0,-5.046,-3478.434,0.046,0.000,5.695,52730,4.46,13940,0.59,52730,4.46,0,0.00,00:53:52,00:16:55,00:02:00,00:00:22,00:01:43,00:09:32,00:00:15,00:00:00,00:00:11,00:00:00,00:00:12,00:00:37,00:37:31,00:00:19,00:00:05,00:17:17,00:00:17,Medium,NA,Unspecified*,2.516,3.180,0.5,28.1,96.9,NA,---,---,0,6672,1597,6672,-3478.434,0,13940,0.000,2.850,0,0.00,9242,1.56,3840,1.30,0,0.00,13940,0.59,0,0.00
10,I352_O016_D003_II1_M1_F1_IR0_R1,-5.728,-3442.864,0.048,0.000,5.757,53211,4.50,13947,0.59,53211,4.50,0,0.00,01:04:10,00:18:21,00:01:57,00:00:22,00:01:27,00:09:10,00:00:15,00:00:00,00:00:10,00:00:00,00:00:12,00:00:36,00:48:46,00:00:17,00:00:05,00:18:41,00:00:15,Medium,NA,Unspecified*,2.517,3.241,0.5,28.1,96.9,NA,---,---,0,6679,1423,6679,-3442.864,0,13947,0.000,2.850,0,0.00,9242,1.56,3840,1.30,0,0.00,13947,0.59,0,0.00
46,I352_O016_D003_II1_M1_F1_IR1_R0,-9.866,-4603.221,0.028,0.000,5.725,50610,4.28,19160,0.81,50610,4.28,0,0.00,08:56:58,00:17:11,00:02:00,00:00:21,00:01:06,00:10:09,00:00:16,00:00:00,00:00:10,00:00:00,00:00:12,00:00:37,08:40:43,00:00:19,00:00:05,00:17:34,00:00:18,Medium,NA,Unspecified*,2.516,3.209,0.5,28.1,96.9,NA,---,---,0,19567,2186,19567,-4603.221,0,19160,0.000,2.850,0,0.00,9201,1.56,3840,1.30,0,0.00,19160,0.81,0,0.00
27,I352_O016_D003_II1_M1_F1_IR1_R1,-5.947,-3735.528,0.042,0.000,5.737,53505,4.53,19168,0.81,53505,4.53,0,0.00,01:20:50,00:21:52,00:01:58,00:00:24,00:01:31,00:09:49,00:00:17,00:00:00,00:00:11,00:00:00,00:00:12,00:00:39,01:04:29,00:00:18,00:00:06,00:22:13,00:00:15,Medium,NA,Unspecified*,2.516,3.221,0.5,28.1,96.9,NA,---,---,0,19575,1984,19575,-3735.528,0,19168,0.000,2.850,0,0.00,7286,1.23,2880,0.97,0,0.00,19168,0.81,0,0.00
104,I352_O016_D003_II4_M0_F1_IR0_R0,-2.381,-1290.110,0.044,0.000,4.466,55967,4.73,9239,0.39,55967,4.73,0,0.00,00:32:33,00:17:25,00:02:02,00:00:23,00:01:22,00:09:31,00:00:15,00:00:00,00:00:11,00:00:00,00:00:13,00:00:38,00:16:33,00:00:18,00:00:05,00:17:46,00:00:16,Medium,NA,Unspecified*,2.498,1.968,0.5,27.4,97.6,NA,---,---,0,14290,919,14290,-1290.110,0,9239,0.000,2.850,0,0.00,270,0.05,0,0.00,0,0.00,9239,0.39,0,0.00
70,I352_O016_D003_II4_M0_F1_IR0_R1,-2.381,-1290.110,0.044,0.000,4.466,55967,4.73,9239,0.39,55967,4.73,0,0.00,00:31:18,00:17:22,00:02:01,00:00:23,00:01:17,00:09:10,00:00:15,00:00:00,00:00:10,00:00:00,00:00:13,00:00:36,00:15:49,00:00:18,00:00:05,00:17:43,00:00:16,Medium,NA,Unspecified*,2.498,1.968,0.5,27.4,97.6,NA,---,---,0,14290,919,14290,-1290.110,0,9239,0.000,2.850,0,0.00,270,0.05,0,0.00,0,0.00,9239,0.39,0,0.00
79,I352_O016_D003_II4_M0_F1_IR1_R0,-3.793,-2620.221,0.040,0.000,4.822,56375,4.77,17982,0.76,56375,4.77,0,0.00,00:35:15,00:14:00,00:02:03,00:00:26,00:01:30,00:10:21,00:00:14,00:00:00,00:00:10,00:00:00,00:00:12,00:00:35,00:18:22,00:00:18,00:00:05,00:14:23,00:00:18,Medium,NA,Unspecified*,2.503,2.319,0.5,27.6,97.4,NA,---,---,0,30276,1719,30276,-2620.221,0,17982,0.000,2.850,0,0.00,364,0.06,0,0.00,0,0.00,17982,0.76,0,0.00
54,I352_O016_D003_II4_M0_F1_IR1_R1,-3.793,-2620.221,0.040,0.000,4.822,56375,4.77,17982,0.76,56375,4.77,0,0.00,00:36:02,00:13:29,00:02:10,00:00:27,00:01:32,00:10:43,00:00:14,00:00:00,00:00:11,00:00:00,00:00:13,00:00:36,00:18:33,00:00:18,00:00:05,00:13:51,00:00:17,Medium,NA,Unspecified*,2.503,2.319,0.5,27.6,97.4,NA,---,---,0,30276,1719,30276,-2620.221,0,17982,0.000,2.850,0,0.00,364,0.06,0,0.00,0,0.00,17982,0.76,0,0.00
15,I352_O016_D003_II4_M1_F1_IR0_R1,-3.847,-2299.790,0.042,0.000,4.780,53892,4.56,5487,0.23,53892,4.56,0,0.00,00:33:02,00:23:54,00:01:57,00:00:22,00:01:13,00:08:34,00:00:17,00:00:00,00:00:11,00:00:00,00:00:13,00:00:38,00:18:20,00:00:15,00:00:05,00:24:13,00:00:14,Medium,NA,Unspecified*,2.502,2.277,0.5,27.6,97.4,NA,---,---,0,7541,1292,7541,-2299.790,0,5487,0.000,2.850,0,0.00,9208,1.56,3840,1.30,0,0.00,5487,0.23,0,0.00
37,I352_O016_D003_II4_M1_F1_IR1_R1,-5.992,-4045.181,0.044,0.000,4.526,49316,4.17,14949,0.63,49316,4.17,0,0.00,00:41:29,00:20:12,00:01:56,00:00:21,00:01:22,00:09:05,00:00:15,00:00:00,00:00:10,00:00:00,00:00:12,00:00:34,00:26:23,00:00:16,00:00:05,00:20:31,00:00:14,Medium,NA,Unspecified*,2.498,2.027,0.5,27.5,97.5,NA,---,---,0,24227,2158,24227,-4045.181,0,14949,0.000,2.850,0,0.00,9198,1.56,3840,1.30,0,0.00,14949,0.63,0,0.00
102,I352_O016_D004_II1_M0_F1_IR0_R0,-0.412,-59.544,0.076,0.000,6.402,55045,4.66,15279,0.65,55045,4.66,0,0.00,00:33:12,00:19:18,00:02:00,00:00:23,00:01:02,00:08:58,00:00:14,00:00:00,00:00:10,00:00:00,00:00:12,00:00:34,00:18:23,00:00:17,00:00:05,00:19:39,00:00:16,Medium,NA,Unspecified*,2.526,3.875,0.5,28.5,96.5,NA,---,---,0,9021,418,9021,-59.544,0,15279,0.000,2.850,0,0.00,442,0.07,0,0.00,0,0.00,15279,0.65,0,0.00
50,I352_O016_D004_II1_M0_F1_IR0_R1,-0.412,-59.544,0.076,0.000,6.402,55045,4.66,15279,0.65,55045,4.66,0,0.00,00:35:46,00:19:39,00:02:01,00:00:23,00:01:04,00:09:35,00:00:15,00:00:00,00:00:11,00:00:00,00:00:13,00:00:36,00:20:09,00:00:18,00:00:05,00:20:00,00:00:16,Medium,NA,Unspecified*,2.526,3.875,0.5,28.5,96.5,NA,---,---,0,9021,418,9021,-59.544,0,15279,0.000,2.850,0,0.00,442,0.07,0,0.00,0,0.00,15279,0.65,0,0.00
85,I352_O016_D004_II1_M0_F1_IR1_R0,-0.344,-44.509,0.042,0.000,6.464,53401,4.52,20917,0.88,53401,4.52,0,0.00,00:33:11,00:21:22,00:02:01,00:00:24,00:01:02,00:09:18,00:00:14,00:00:00,00:00:11,00:00:00,00:00:12,00:00:33,00:17:55,00:00:18,00:00:05,00:21:44,00:00:17,Medium,NA,Unspecified*,2.527,3.937,0.5,28.5,96.5,NA,---,---,0,21315,343,21315,-44.509,0,20917,0.000,2.850,0,0.00,567,0.10,0,0.00,0,0.00,20917,0.88,0,0.00
62,I352_O016_D004_II1_M0_F1_IR1_R1,-0.344,-44.509,0.042,0.000,6.464,53401,4.52,20917,0.88,53401,4.52,0,0.00,00:33:17,00:22:19,00:02:01,00:00:24,00:01:03,00:09:17,00:00:14,00:00:00,00:00:10,00:00:00,00:00:11,00:00:33,00:18:03,00:00:18,00:00:06,00:22:42,00:00:17,Medium,NA,Unspecified*,2.527,3.937,0.5,28.5,96.5,NA,---,---,0,21315,343,21315,-44.509,0,20917,0.000,2.850,0,0.00,567,0.10,0,0.00,0,0.00,20917,0.88,0,0.00
13,I352_O016_D004_II1_M1_F1_IR0_R0,-3.482,-1568.716,0.046,0.000,5.494,48667,4.12,19191,0.81,48667,4.12,0,0.00,00:51:39,00:18:08,00:02:00,00:00:22,00:01:07,00:09:43,00:00:13,00:00:00,00:00:10,00:00:00,00:00:12,00:00:33,00:35:56,00:00:18,00:00:05,00:18:30,00:00:17,Medium,NA,Unspecified*,2.513,2.981,0.5,28.0,97.0,NA,---,---,0,12934,1285,12934,-1568.716,0,19191,0.000,2.850,0,0.00,9299,1.57,3840,1.30,0,0.00,19191,0.81,0,0.00
9,I352_O016_D004_II1_M1_F1_IR0_R1,-2.046,-713.087,0.043,0.000,5.562,49317,4.17,19190,0.81,49317,4.17,0,0.00,01:01:42,00:18:16,00:01:59,00:00:23,00:01:05,00:08:51,00:00:14,00:00:00,00:00:10,00:00:00,00:00:12,00:00:34,00:47:02,00:00:15,00:00:05,00:18:36,00:00:15,Medium,NA,Unspecified*,2.514,3.048,0.5,28.0,97.0,NA,---,---,0,12933,901,12933,-713.087,0,19190,0.000,2.850,0,0.00,8217,1.39,3224,1.09,0,0.00,19190,0.81,0,0.00
35,I352_O016_D004_II1_M1_F1_IR1_R0,-3.651,-1470.473,0.049,0.000,5.710,,,,,,,,,03:48:47,00:15:53,00:02:01,00:00:23,00:01:22,00:08:15,00:00:14,00:00:00,00:00:10,00:00:00,00:00:12,00:00:35,03:34:09,00:00:19,00:00:05,00:16:16,00:00:18,Medium,NA,Unspecified*,2.516,3.194,0.5,28.1,96.9,NA,---,---,0,21108,1215,21108,-1470.473,0,20709,0.000,2.552,,,,,,,,,,,,
32,I352_O016_D004_II1_M1_F1_IR1_R1,-3.702,-1505.706,0.049,0.000,5.757,,,,,,,,,03:08:47,00:16:24,00:02:00,00:00:25,00:01:30,00:09:04,00:00:15,00:00:00,00:00:10,00:00:00,00:00:12,00:00:35,02:53:18,00:00:17,00:00:05,00:16:44,00:00:15,Medium,NA,Unspecified*,2.517,3.240,0.5,28.1,96.9,NA,---,---,0,21106,1188,21106,-1505.706,0,20707,0.000,2.552,,,,,,,,,,,,
105,I352_O016_D004_II4_M0_F1_IR0_R0,-0.326,-34.624,0.042,0.000,4.974,53467,4.52,11061,0.47,53467,4.52,0,0.00,00:31:39,00:19:11,00:02:02,00:00:24,00:01:07,00:09:03,00:00:14,00:00:00,00:00:11,00:00:00,00:00:13,00:00:34,00:16:34,00:00:17,00:00:05,00:19:32,00:00:16,Medium,NA,Unspecified*,2.505,2.469,0.5,27.7,97.3,NA,---,---,0,19649,336,19649,-34.624,0,11061,0.000,2.850,0,0.00,592,0.10,0,0.00,0,0.00,11061,0.47,0,0.00
72,I352_O016_D004_II4_M0_F1_IR0_R1,-0.326,-34.624,0.042,0.000,4.974,53467,4.52,11061,0.47,53467,4.52,0,0.00,00:33:39,00:19:51,00:02:00,00:00:23,00:01:11,00:09:38,00:00:15,00:00:00,00:00:11,00:00:00,00:00:13,00:00:36,00:17:54,00:00:17,00:00:05,00:20:12,00:00:16,Medium,NA,Unspecified*,2.505,2.469,0.5,27.7,97.3,NA,---,---,0,19649,336,19649,-34.624,0,11061,0.000,2.850,0,0.00,592,0.10,0,0.00,0,0.00,11061,0.47,0,0.00
98,I352_O016_D004_II4_M0_F1_IR1_R0,-1.314,-548.120,0.043,0.000,4.099,53230,4.50,20882,0.88,53230,4.50,0,0.00,00:31:56,00:19:39,00:02:02,00:00:24,00:01:17,00:09:32,00:00:14,00:00:00,00:00:10,00:00:00,00:00:12,00:00:33,00:16:12,00:00:18,00:00:05,00:20:00,00:00:16,Medium,NA,Unspecified*,2.492,1.606,0.5,27.2,97.8,NA,---,---,0,36092,1052,36092,-548.120,0,20882,0.000,2.850,0,0.00,521,0.09,0,0.00,0,0.00,20882,0.88,0,0.00
68,I352_O016_D004_II4_M0_F1_IR1_R1,-1.314,-548.120,0.043,0.000,4.099,53230,4.50,20882,0.88,53230,4.50,0,0.00,00:34:06,00:20:18,00:02:03,00:00:26,00:01:21,00:10:03,00:00:16,00:00:00,00:00:10,00:00:00,00:00:13,00:00:35,00:17:38,00:00:18,00:00:05,00:20:40,00:00:17,Medium,NA,Unspecified*,2.492,1.606,0.5,27.2,97.8,NA,---,---,0,36092,1052,36092,-548.120,0,20882,0.000,2.850,0,0.00,521,0.09,0,0.00,0,0.00,20882,0.88,0,0.00
22,I352_O016_D004_II4_M1_F1_IR0_R1,-2.100,-927.883,0.056,0.000,4.576,50698,4.29,6510,0.28,50698,4.29,0,0.00,00:33:15,00:20:47,00:01:58,00:00:23,00:01:26,00:08:12,00:00:16,00:00:00,00:00:10,00:00:00,00:00:12,00:00:35,00:18:50,00:00:16,00:00:05,00:21:06,00:00:14,Medium,NA,Unspecified*,2.499,2.076,0.5,27.5,97.5,NA,---,---,0,10553,1092,10553,-927.883,0,6510,0.000,2.850,0,0.00,9215,1.56,3840,1.30,0,0.00,6510,0.28,0,0.00
43,I352_O016_D004_II4_M1_F1_IR1_R1,-3.685,-1664.542,0.044,0.000,4.431,51070,4.32,16480,0.70,51070,4.32,0,0.00,01:21:24,00:19:22,00:01:57,00:00:22,00:01:17,00:09:09,00:00:14,00:00:00,00:00:10,00:00:00,00:00:11,00:00:35,01:06:15,00:00:17,00:00:05,00:19:42,00:00:15,Medium,NA,Unspecified*,2.497,1.934,0.5,27.4,97.6,NA,---,---,0,27287,1312,27287,-1664.542,0,16480,0.000,2.850,0,0.00,9223,1.56,3840,1.30,0,0.00,16480,0.70,0,0.00
97,I352_O016_D005_II1_M0_F1_IR0_R0,0.135,0.000,0.050,0.000,6.264,54312,4.59,17511,0.74,54312,4.59,0,0.00,00:23:14,00:19:32,00:02:00,00:00:24,00:00:06,00:06:35,00:00:14,00:00:00,00:00:10,00:00:00,00:00:17,00:00:34,00:11:35,00:00:18,00:00:05,00:19:53,00:00:16,Medium,NA,Unspecified*,2.524,3.740,0.5,28.4,96.6,NA,---,---,0,11253,0,11253,0.000,0,17511,0.000,2.850,0,0.00,774,0.13,5,<0.01,0,0.00,17511,0.74,0,0.00
69,I352_O016_D005_II1_M0_F1_IR0_R1,0.135,0.000,0.050,0.000,6.264,54312,4.59,17511,0.74,54312,4.59,0,0.00,00:24:05,00:19:21,00:02:04,00:00:25,00:00:07,00:06:57,00:00:16,00:00:00,00:00:11,00:00:00,00:00:19,00:00:35,00:11:50,00:00:18,00:00:05,00:19:42,00:00:16,Medium,NA,Unspecified*,2.524,3.740,0.5,28.4,96.6,NA,---,---,0,11253,0,11253,0.000,0,17511,0.000,2.850,0,0.00,774,0.13,5,<0.01,0,0.00,17511,0.74,0,0.00
93,I352_O016_D005_II1_M0_F1_IR1_R0,0.366,0.000,0.043,0.000,6.392,53962,4.56,23143,0.98,53962,4.56,0,0.00,00:24:06,00:18:47,00:02:04,00:00:24,00:00:08,00:07:07,00:00:14,00:00:00,00:00:10,00:00:00,00:00:17,00:00:35,00:11:47,00:00:18,00:00:05,00:19:09,00:00:17,Medium,NA,Unspecified*,2.526,3.866,0.5,28.5,96.5,NA,---,---,0,23541,0,23541,0.000,0,23143,0.000,2.850,0,0.00,749,0.13,5,<0.01,0,0.00,23143,0.98,0,0.00
59,I352_O016_D005_II1_M0_F1_IR1_R1,0.366,0.000,0.043,0.000,6.392,53962,4.56,23143,0.98,53962,4.56,0,0.00,00:25:30,00:19:15,00:02:06,00:00:26,00:00:09,00:07:28,00:00:16,00:00:00,00:00:11,00:00:00,00:00:19,00:00:36,00:12:34,00:00:19,00:00:05,00:19:37,00:00:17,Medium,NA,Unspecified*,2.526,3.866,0.5,28.5,96.5,NA,---,---,0,23541,0,23541,0.000,0,23143,0.000,2.850,0,0.00,749,0.13,5,<0.01,0,0.00,23143,0.98,0,0.00
11,I352_O016_D005_II1_M1_F1_IR0_R0,-1.546,-284.960,0.039,0.000,5.542,,,,,,,,,00:37:52,00:15:54,00:02:01,00:00:23,00:01:05,00:08:26,00:00:14,00:00:00,00:00:11,00:00:00,00:00:12,00:00:32,00:23:27,00:00:18,00:00:05,00:16:16,00:00:17,Medium,NA,Unspecified*,2.513,3.029,0.5,28.0,97.0,NA,---,---,0,14054,420,14054,-284.960,0,20311,0.000,2.552,,,,,,,,,,,,
20,I352_O016_D005_II1_M1_F1_IR0_R1,-0.500,-51.585,0.039,0.000,5.549,,,,,,,,,00:41:44,00:15:55,00:01:56,00:00:22,00:00:22,00:07:58,00:00:15,00:00:00,00:00:11,00:00:00,00:00:12,00:00:33,00:28:43,00:00:16,00:00:05,00:16:15,00:00:15,Medium,NA,Unspecified*,2.513,3.035,0.5,28.0,97.0,NA,---,---,0,14051,210,14051,-51.585,0,20308,0.000,2.552,,,,,,,,,,,,
40,I352_O016_D005_II1_M1_F1_IR1_R0,-1.807,-346.573,0.039,0.000,5.549,,,,,,,,,06:56:30,00:16:22,00:01:59,00:00:23,00:01:15,00:08:35,00:00:14,00:00:00,00:00:11,00:00:00,00:00:12,00:00:32,06:41:46,00:00:19,00:00:05,00:16:44,00:00:17,Medium,NA,Unspecified*,2.513,3.036,0.5,28.0,97.0,NA,---,---,0,22118,527,22118,-346.573,0,21719,0.000,2.552,,,,,,,,,,,,
26,I352_O016_D005_II1_M1_F1_IR1_R1,-1.842,-271.369,0.039,0.000,5.637,,,,,,,,,07:14:26,00:16:13,00:01:57,00:00:22,00:01:00,00:07:53,00:00:15,00:00:00,00:00:10,00:00:00,00:00:11,00:00:33,07:00:48,00:00:17,00:00:05,00:16:33,00:00:15,Medium,NA,Unspecified*,2.515,3.122,0.5,28.1,96.9,NA,---,---,0,22116,268,22116,-271.369,0,21717,0.000,2.552,,,,,,,,,,,,
103,I352_O016_D005_II4_M0_F1_IR0_R0,0.158,0.000,0.054,0.000,3.917,52924,4.48,10042,0.42,52924,4.48,0,0.00,00:25:08,00:14:40,00:02:01,00:00:23,00:00:06,00:07:24,00:00:14,00:00:00,00:00:10,00:00:00,00:00:18,00:00:32,00:12:44,00:00:17,00:00:05,00:15:00,00:00:15,Medium,NA,Unspecified*,2.490,1.427,0.5,27.1,97.9,NA,---,---,0,17614,0,17614,0.000,0,10042,0.000,2.850,0,0.00,609,0.10,0,0.00,0,0.00,10042,0.42,0,0.00
75,I352_O016_D005_II4_M0_F1_IR0_R1,0.158,0.000,0.054,0.000,3.917,52924,4.48,10042,0.42,52924,4.48,0,0.00,00:25:08,00:15:26,00:02:02,00:00:24,00:00:06,00:07:23,00:00:14,00:00:00,00:00:11,00:00:00,00:00:17,00:00:32,00:12:42,00:00:17,00:00:05,00:15:47,00:00:16,Medium,NA,Unspecified*,2.490,1.427,0.5,27.1,97.9,NA,---,---,0,17614,0,17614,0.000,0,10042,0.000,2.850,0,0.00,609,0.10,0,0.00,0,0.00,10042,0.42,0,0.00
91,I352_O016_D005_II4_M0_F1_IR1_R0,0.369,0.000,0.040,0.000,4.644,55101,4.66,22733,0.96,55101,4.66,0,0.00,00:25:12,00:17:31,00:02:02,00:00:24,00:00:08,00:07:38,00:00:14,00:00:00,00:00:10,00:00:00,00:00:18,00:00:35,00:12:22,00:00:19,00:00:05,00:17:53,00:00:17,Medium,NA,Unspecified*,2.500,2.144,0.5,27.5,97.5,NA,---,---,0,39806,0,39806,0.000,0,22733,0.000,2.850,0,0.00,771,0.13,6,<0.01,0,0.00,22733,0.96,0,0.00
73,I352_O016_D005_II4_M0_F1_IR1_R1,0.369,0.000,0.040,0.000,4.644,55101,4.66,22733,0.96,55101,4.66,0,0.00,00:25:36,00:18:09,00:02:03,00:00:24,00:00:08,00:07:42,00:00:16,00:00:00,00:00:11,00:00:00,00:00:19,00:00:37,00:12:35,00:00:19,00:00:05,00:18:31,00:00:17,Medium,NA,Unspecified*,2.500,2.144,0.5,27.5,97.5,NA,---,---,0,39806,0,39806,0.000,0,22733,0.000,2.850,0,0.00,771,0.13,6,<0.01,0,0.00,22733,0.96,0,0.00
5,I352_O016_D005_II4_M1_F1_IR0_R1,-0.816,-78.232,0.056,0.000,4.072,48125,4.07,11600,0.49,48125,4.07,0,0.00,01:20:36,00:15:48,00:01:58,00:00:22,00:00:06,00:08:33,00:00:16,00:00:00,00:00:10,00:00:00,00:00:12,00:00:32,01:07:15,00:00:16,00:00:05,00:16:07,00:00:14,Medium,NA,Unspecified*,2.492,1.580,0.5,27.2,97.8,NA,---,---,0,16508,215,16508,-78.232,0,11600,0.000,2.850,0,0.00,9278,1.57,3848,1.30,0,0.00,11600,0.49,0,0.00
29,I352_O016_D005_II4_M1_F1_IR1_R1,-1.501,-204.940,0.041,0.000,4.396,47104,3.98,17233,0.73,47104,3.98,0,0.00,00:40:20,00:15:15,00:01:58,00:00:21,00:01:03,00:08:41,00:00:14,00:00:00,00:00:10,00:00:00,00:00:11,00:00:32,00:25:59,00:00:15,00:00:05,00:15:34,00:00:14,Medium,NA,Unspecified*,2.497,1.899,0.5,27.4,97.6,NA,---,---,0,28790,257,28790,-204.940,0,17233,0.000,2.850,0,0.00,9224,1.56,3842,1.30,0,0.00,17233,0.73,0,0.00
78,I352_O016_D006_II1_M0_F1_IR0_R0,0.621,0.000,0.048,0.000,6.278,52584,4.45,18335,0.78,52584,4.45,0,0.00,00:23:34,00:19:41,00:02:02,00:00:23,00:00:07,00:06:57,00:00:14,00:00:00,00:00:10,00:00:00,00:00:17,00:00:34,00:11:32,00:00:17,00:00:05,00:20:03,00:00:17,Medium,NA,Unspecified*,2.524,3.753,0.5,28.4,96.6,NA,---,---,0,12076,0,12076,0.000,0,18335,0.000,2.850,0,0.00,751,0.13,0,0.00,0,0.00,18335,0.78,0,0.00
63,I352_O016_D006_II1_M0_F1_IR0_R1,0.621,0.000,0.048,0.000,6.278,52584,4.45,18335,0.78,52584,4.45,0,0.00,00:23:36,00:19:22,00:02:04,00:00:25,00:00:07,00:06:50,00:00:14,00:00:00,00:00:12,00:00:00,00:00:18,00:00:35,00:11:32,00:00:17,00:00:05,00:19:43,00:00:16,Medium,NA,Unspecified*,2.524,3.753,0.5,28.4,96.6,NA,---,---,0,12076,0,12076,0.000,0,18335,0.000,2.850,0,0.00,751,0.13,0,0.00,0,0.00,18335,0.78,0,0.00
90,I352_O016_D006_II1_M0_F1_IR1_R0,0.394,0.000,0.043,0.000,6.441,53329,4.51,23969,1.01,53329,4.51,0,0.00,00:24:57,00:21:55,00:02:02,00:00:24,00:00:08,00:07:18,00:00:16,00:00:00,00:00:11,00:00:00,00:00:19,00:00:37,00:12:20,00:00:19,00:00:05,00:22:17,00:00:17,Medium,NA,Unspecified*,2.527,3.914,0.5,28.5,96.5,NA,---,---,0,24366,0,24366,0.000,0,23969,0.000,2.850,0,0.00,641,0.11,6,<0.01,0,0.00,23969,1.01,0,0.00
57,I352_O016_D006_II1_M0_F1_IR1_R1,0.394,0.000,0.043,0.000,6.441,53329,4.51,23969,1.01,53329,4.51,0,0.00,00:24:56,00:22:00,00:02:06,00:00:25,00:00:08,00:07:17,00:00:15,00:00:00,00:00:11,00:00:00,00:00:19,00:00:36,00:12:16,00:00:19,00:00:05,00:22:22,00:00:17,Medium,NA,Unspecified*,2.527,3.914,0.5,28.5,96.5,NA,---,---,0,24366,0,24366,0.000,0,23969,0.000,2.850,0,0.00,641,0.11,6,<0.01,0,0.00,23969,1.01,0,0.00
17,I352_O016_D006_II1_M1_F1_IR0_R0,-0.150,-2.487,0.039,0.000,5.614,,,,,,,,,01:34:27,00:18:22,00:02:03,00:00:23,00:00:20,00:08:46,00:00:13,00:00:00,00:00:11,00:00:00,00:00:11,00:00:32,01:20:26,00:00:18,00:00:05,00:18:44,00:00:17,Medium,NA,Unspecified*,2.514,3.099,0.5,28.1,96.9,NA,---,---,0,14682,41,14682,-2.487,0,20939,0.000,2.552,,,,,,,,,,,,
6,I352_O016_D006_II1_M1_F1_IR0_R1,-0.586,-43.744,0.039,0.000,5.600,,,,,,,,,08:24:37,00:17:23,00:01:58,00:00:22,00:00:06,00:07:03,00:00:15,00:00:00,00:00:11,00:00:00,00:00:13,00:00:33,08:12:40,00:00:17,00:00:05,00:17:43,00:00:15,Medium,NA,Unspecified*,2.514,3.086,0.5,28.0,97.0,NA,---,---,0,14682,151,14682,-43.744,0,20939,0.000,2.552,,,,,,,,,,,,
33,I352_O016_D006_II1_M1_F1_IR1_R0,-0.876,-84.215,0.042,0.000,5.586,,,,,,,,,02:15:51,00:15:56,00:02:04,00:00:22,00:00:25,00:08:32,00:00:15,00:00:00,00:00:11,00:00:00,00:00:12,00:00:32,02:01:55,00:00:19,00:00:05,00:16:18,00:00:17,Medium,NA,Unspecified*,2.514,3.072,0.5,28.0,97.0,NA,---,---,0,22749,202,22749,-84.215,0,22350,0.000,2.552,,,,,,,,,,,,
44,I352_O016_D006_II1_M1_F1_IR1_R1,0.075,0.000,0.047,0.000,5.497,,,,,,,,,00:44:56,00:17:10,00:01:59,00:00:22,00:00:06,00:07:58,00:00:14,00:00:00,00:00:10,00:00:00,00:00:16,00:00:32,00:32:06,00:00:16,00:00:05,00:17:30,00:00:15,Medium,NA,Unspecified*,2.513,2.985,0.5,28.0,97.0,NA,---,---,0,22749,0,22749,0.000,0,22350,0.000,2.552,,,,,,,,,,,,
88,I352_O016_D006_II4_M0_F1_IR0_R0,0.390,0.000,0.049,0.000,4.106,52318,4.43,10988,0.46,52318,4.43,0,0.00,00:24:01,00:15:16,00:02:00,00:00:25,00:00:07,00:06:45,00:00:15,00:00:00,00:00:10,00:00:00,00:00:17,00:00:31,00:12:12,00:00:17,00:00:05,00:15:37,00:00:16,Medium,NA,Unspecified*,2.492,1.613,0.5,27.2,97.8,NA,---,---,0,19655,0,19655,0.000,0,10988,0.000,2.850,0,0.00,873,0.15,9,<0.01,0,0.00,10988,0.46,0,0.00
60,I352_O016_D006_II4_M0_F1_IR0_R1,0.390,0.000,0.049,0.000,4.106,52318,4.43,10988,0.46,52318,4.43,0,0.00,00:23:13,00:15:17,00:02:01,00:00:23,00:00:06,00:06:28,00:00:14,00:00:00,00:00:10,00:00:00,00:00:17,00:00:31,00:11:47,00:00:17,00:00:05,00:15:38,00:00:16,Medium,NA,Unspecified*,2.492,1.613,0.5,27.2,97.8,NA,---,---,0,19655,0,19655,0.000,0,10988,0.000,2.850,0,0.00,873,0.15,9,<0.01,0,0.00,10988,0.46,0,0.00
81,I352_O016_D006_II4_M0_F1_IR1_R0,0.577,0.000,0.039,0.000,4.784,53961,4.56,23565,1.00,53961,4.56,0,0.00,00:24:17,00:16:27,00:02:02,00:00:25,00:00:08,00:06:52,00:00:14,00:00:00,00:00:10,00:00:00,00:00:18,00:00:35,00:12:10,00:00:19,00:00:05,00:16:49,00:00:17,Medium,NA,Unspecified*,2.502,2.281,0.5,27.6,97.4,NA,---,---,0,41463,0,41463,0.000,0,23565,0.000,2.850,0,0.00,676,0.11,6,<0.01,0,0.00,23565,1.00,0,0.00
66,I352_O016_D006_II4_M0_F1_IR1_R1,0.577,0.000,0.039,0.000,4.784,53961,4.56,23565,1.00,53961,4.56,0,0.00,00:24:21,00:16:38,00:02:02,00:00:24,00:00:08,00:06:49,00:00:15,00:00:00,00:00:11,00:00:00,00:00:18,00:00:36,00:12:15,00:00:18,00:00:05,00:17:00,00:00:17,Medium,NA,Unspecified*,2.502,2.281,0.5,27.6,97.4,NA,---,---,0,41463,0,41463,0.000,0,23565,0.000,2.850,0,0.00,676,0.11,6,<0.01,0,0.00,23565,1.00,0,0.00
4,I352_O016_D006_II4_M1_F1_IR0_R1,0.087,0.000,0.044,0.000,4.328,46601,3.94,12112,0.51,46601,3.94,0,0.00,01:36:03,00:19:00,00:01:55,00:00:21,00:00:06,00:07:00,00:00:15,00:00:00,00:00:10,00:00:00,00:00:18,00:00:32,01:24:18,00:00:15,00:00:05,00:19:19,00:00:14,Medium,NA,Unspecified*,2.496,1.833,0.5,27.4,97.6,NA,---,---,0,17534,0,17534,0.000,0,12112,0.000,2.850,0,0.00,9386,1.59,3840,1.30,0,0.00,12112,0.51,0,0.00
47,I352_O016_D006_II4_M1_F1_IR1_R1,0.242,0.000,0.041,0.000,4.525,47164,3.99,21969,0.93,47164,3.99,0,0.00,00:51:56,00:14:29,00:01:59,00:00:22,00:00:07,00:08:32,00:00:15,00:00:00,00:00:10,00:00:00,00:00:16,00:00:32,00:38:28,00:00:16,00:00:05,00:14:49,00:00:15,Medium,NA,Unspecified*,2.498,2.026,0.5,27.5,97.5,NA,---,---,0,38268,0,38268,0.000,0,21969,0.000,2.850,0,0.00,9419,1.59,3840,1.30,0,0.00,21969,0.93,0,0.00
82,I352_O016_D007_II1_M0_F1_IR0_R0,0.604,0.000,0.043,0.000,6.243,52748,4.46,18333,0.78,52748,4.46,0,0.00,00:23:19,00:17:15,00:02:03,00:00:23,00:00:07,00:06:39,00:00:14,00:00:00,00:00:10,00:00:00,00:00:17,00:00:34,00:11:34,00:00:18,00:00:05,00:17:37,00:00:17,Medium,NA,Unspecified*,2.524,3.719,0.5,28.4,96.6,NA,---,---,0,12090,0,12090,0.000,0,18333,0.000,2.850,0,0.00,719,0.12,6,<0.01,0,0.00,18333,0.78,0,0.00
49,I352_O016_D007_II1_M0_F1_IR0_R1,0.604,0.000,0.043,0.000,6.243,52748,4.46,18333,0.78,52748,4.46,0,0.00,00:24:06,00:17:15,00:02:03,00:00:24,00:00:07,00:07:02,00:00:14,00:00:00,00:00:10,00:00:00,00:00:17,00:00:33,00:11:55,00:00:18,00:00:05,00:17:37,00:00:17,Medium,NA,Unspecified*,2.524,3.719,0.5,28.4,96.6,NA,---,---,0,12090,0,12090,0.000,0,18333,0.000,2.850,0,0.00,719,0.12,6,<0.01,0,0.00,18333,0.78,0,0.00
96,I352_O016_D007_II1_M0_F1_IR1_R0,0.648,0.000,0.040,0.000,6.297,53044,4.49,23968,1.01,53044,4.49,0,0.00,00:23:59,00:21:29,00:02:04,00:00:25,00:00:08,00:06:53,00:00:14,00:00:00,00:00:10,00:00:00,00:00:17,00:00:35,00:11:48,00:00:19,00:00:05,00:21:52,00:00:18,Medium,NA,Unspecified*,2.525,3.773,0.5,28.4,96.6,NA,---,---,0,24365,0,24365,0.000,0,23968,0.000,2.850,0,0.00,762,0.13,0,0.00,0,0.00,23968,1.01,0,0.00
65,I352_O016_D007_II1_M0_F1_IR1_R1,0.648,0.000,0.040,0.000,6.297,53044,4.49,23968,1.01,53044,4.49,0,0.00,00:24:07,00:21:17,00:02:04,00:00:25,00:00:09,00:06:53,00:00:14,00:00:00,00:00:11,00:00:00,00:00:18,00:00:35,00:11:53,00:00:19,00:00:05,00:21:40,00:00:18,Medium,NA,Unspecified*,2.525,3.773,0.5,28.4,96.6,NA,---,---,0,24365,0,24365,0.000,0,23968,0.000,2.850,0,0.00,762,0.13,0,0.00,0,0.00,23968,1.01,0,0.00
3,I352_O016_D007_II1_M1_F1_IR0_R0,0.020,0.000,0.039,0.000,5.492,,,,,,,,,01:59:12,00:19:00,00:02:00,00:00:22,00:00:06,00:06:24,00:00:15,00:00:00,00:00:11,00:00:00,00:00:16,00:00:33,01:47:40,00:00:19,00:00:05,00:19:23,00:00:18,Medium,NA,Unspecified*,2.513,2.979,0.5,28.0,97.0,NA,---,---,0,15250,0,15250,0.000,0,21158,0.000,2.552,,,,,,,,,,,,
14,I352_O016_D007_II1_M1_F1_IR0_R1,0.441,0.000,0.039,0.000,5.421,,,,,,,,,00:27:33,00:18:59,00:01:58,00:00:22,00:00:06,00:06:06,00:00:13,00:00:00,00:00:10,00:00:00,00:00:17,00:00:32,00:16:32,00:00:17,00:00:05,00:19:20,00:00:16,Medium,NA,Unspecified*,2.512,2.910,0.5,27.9,97.1,NA,---,---,0,15269,0,15269,0.000,0,21177,0.000,2.552,,,,,,,,,,,,
42,I352_O016_D007_II1_M1_F1_IR1_R0,0.357,0.000,0.039,0.000,5.591,,,,,,,,,00:39:18,00:15:18,00:02:03,00:00:24,00:00:07,00:06:25,00:00:17,00:00:00,00:00:11,00:00:00,00:00:19,00:00:35,00:27:32,00:00:20,00:00:05,00:15:40,00:00:17,Medium,NA,Unspecified*,2.514,3.077,0.5,28.0,97.0,NA,---,---,0,22951,0,22951,0.000,0,22552,0.000,2.552,,,,,,,,,,,,
45,I352_O016_D007_II1_M1_F1_IR1_R1,0.292,0.000,0.039,0.000,5.573,,,,,,,,,00:25:50,00:15:51,00:01:59,00:00:22,00:00:07,00:06:17,00:00:14,00:00:00,00:00:10,00:00:00,00:00:16,00:00:32,00:14:37,00:00:17,00:00:05,00:16:11,00:00:15,Medium,NA,Unspecified*,2.514,3.059,0.5,28.0,97.0,NA,---,---,0,22977,0,22977,0.000,0,22578,0.000,2.552,,,,,,,,,,,,
106,I352_O016_D007_II4_M0_F1_IR0_R0,0.542,0.000,0.048,0.000,4.127,53934,4.56,10988,0.46,53934,4.56,0,0.00,00:24:01,00:18:24,00:02:02,00:00:24,00:00:07,00:06:54,00:00:15,00:00:00,00:00:11,00:00:00,00:00:17,00:00:35,00:11:59,00:00:17,00:00:05,00:18:45,00:00:16,Medium,NA,Unspecified*,2.493,1.635,0.5,27.2,97.8,NA,---,---,0,19658,0,19658,0.000,0,10988,0.000,2.850,0,0.00,749,0.13,5,<0.01,0,0.00,10988,0.46,0,0.00
55,I352_O016_D007_II4_M0_F1_IR0_R1,0.542,0.000,0.048,0.000,4.127,53934,4.56,10988,0.46,53934,4.56,0,0.00,00:24:09,00:18:12,00:02:01,00:00:24,00:00:08,00:07:04,00:00:15,00:00:00,00:00:10,00:00:00,00:00:17,00:00:33,00:12:00,00:00:17,00:00:05,00:18:33,00:00:16,Medium,NA,Unspecified*,2.493,1.635,0.5,27.2,97.8,NA,---,---,0,19658,0,19658,0.000,0,10988,0.000,2.850,0,0.00,749,0.13,5,<0.01,0,0.00,10988,0.46,0,0.00
92,I352_O016_D007_II4_M0_F1_IR1_R0,0.630,0.000,0.042,0.000,4.774,54029,4.57,23584,1.00,54029,4.57,0,0.00,00:25:41,00:20:17,00:02:02,00:00:25,00:00:09,00:07:13,00:00:15,00:00:00,00:00:10,00:00:00,00:00:18,00:00:35,00:13:11,00:00:19,00:00:05,00:20:39,00:00:17,Medium,NA,Unspecified*,2.502,2.272,0.5,27.6,97.4,NA,---,---,0,41503,0,41503,0.000,0,23584,0.000,2.850,0,0.00,744,0.13,0,0.00,0,0.00,23584,1.00,0,0.00
61,I352_O016_D007_II4_M0_F1_IR1_R1,0.630,0.000,0.042,0.000,4.774,54029,4.57,23584,1.00,54029,4.57,0,0.00,00:26:12,00:19:13,00:02:04,00:00:25,00:00:09,00:07:21,00:00:17,00:00:00,00:00:11,00:00:00,00:00:18,00:00:36,00:13:28,00:00:18,00:00:05,00:19:35,00:00:17,Medium,NA,Unspecified*,2.502,2.272,0.5,27.6,97.4,NA,---,---,0,41503,0,41503,0.000,0,23584,0.000,2.850,0,0.00,744,0.13,0,0.00,0,0.00,23584,1.00,0,0.00
18,I352_O016_D007_II4_M1_F1_IR0_R1,0.255,0.000,0.049,0.000,3.942,47089,3.98,12201,0.52,47089,3.98,0,0.00,00:29:46,00:15:19,00:01:56,00:00:22,00:00:06,00:06:44,00:00:16,00:00:00,00:00:11,00:00:00,00:00:16,00:00:32,00:18:08,00:00:17,00:00:05,00:15:39,00:00:15,Medium,NA,Unspecified*,2.490,1.452,0.5,27.1,97.9,NA,---,---,0,18028,0,18028,0.000,0,12201,0.000,2.850,0,0.00,9392,1.59,3840,1.30,0,0.00,12201,0.52,0,0.00
24,I352_O016_D007_II4_M1_F1_IR1_R1,0.523,0.000,0.042,0.000,4.398,46532,3.94,22055,0.93,46532,3.94,0,0.00,00:38:08,00:18:07,00:01:58,00:00:23,00:00:07,00:06:55,00:00:16,00:00:00,00:00:10,00:00:00,00:00:17,00:00:33,00:26:14,00:00:16,00:00:05,00:18:27,00:00:15,Medium,NA,Unspecified*,2.497,1.901,0.5,27.4,97.6,NA,---,---,0,38419,0,38419,0.000,0,22055,0.000,2.850,0,0.00,9273,1.57,3840,1.30,0,0.00,22055,0.93,0,0.00
83,I352_O016_D008_II1_M0_F1_IR0_R0,0.604,0.000,0.043,0.000,6.243,52748,4.46,18333,0.78,52748,4.46,0,0.00,00:23:59,00:17:32,00:02:06,00:00:24,00:00:07,00:07:03,00:00:15,00:00:00,00:00:10,00:00:01,00:00:17,00:00:34,00:11:43,00:00:17,00:00:06,00:17:55,00:00:17,Medium,NA,Unspecified*,2.524,3.719,0.5,28.4,96.6,NA,---,---,0,12090,0,12090,0.000,0,18333,0.000,2.850,0,0.00,719,0.12,6,<0.01,0,0.00,18333,0.78,0,0.00
48,I352_O016_D008_II1_M0_F1_IR0_R1,0.604,0.000,0.043,0.000,6.243,52748,4.46,18333,0.78,52748,4.46,0,0.00,00:23:42,00:17:22,00:02:12,00:00:24,00:00:07,00:06:58,00:00:14,00:00:00,00:00:11,00:00:00,00:00:17,00:00:33,00:11:25,00:00:18,00:00:05,00:17:43,00:00:16,Medium,NA,Unspecified*,2.524,3.719,0.5,28.4,96.6,NA,---,---,0,12090,0,12090,0.000,0,18333,0.000,2.850,0,0.00,719,0.12,6,<0.01,0,0.00,18333,0.78,0,0.00
86,I352_O016_D008_II1_M0_F1_IR1_R0,0.648,0.000,0.040,0.000,6.297,53044,4.49,23968,1.01,53044,4.49,0,0.00,00:26:05,00:22:33,00:02:19,00:00:26,00:00:09,00:07:42,00:00:16,00:00:00,00:00:11,00:00:00,00:00:19,00:00:37,00:12:39,00:00:19,00:00:06,00:22:57,00:00:18,Medium,NA,Unspecified*,2.525,3.773,0.5,28.4,96.6,NA,---,---,0,24365,0,24365,0.000,0,23968,0.000,2.850,0,0.00,762,0.13,0,0.00,0,0.00,23968,1.01,0,0.00
76,I352_O016_D008_II1_M0_F1_IR1_R1,0.648,0.000,0.040,0.000,6.297,53044,4.49,23968,1.01,53044,4.49,0,0.00,00:25:36,00:22:48,00:02:08,00:00:25,00:00:09,00:07:23,00:00:15,00:00:00,00:00:12,00:00:00,00:00:19,00:00:36,00:12:39,00:00:20,00:00:05,00:23:11,00:00:18,Medium,NA,Unspecified*,2.525,3.773,0.5,28.4,96.6,NA,---,---,0,24365,0,24365,0.000,0,23968,0.000,2.850,0,0.00,762,0.13,0,0.00,0,0.00,23968,1.01,0,0.00
8,I352_O016_D008_II1_M1_F1_IR0_R0,0.405,0.000,0.039,0.000,5.441,,,,,,,,,00:29:08,00:15:18,00:02:05,00:00:24,00:00:06,00:06:36,00:00:15,00:00:00,00:00:12,00:00:00,00:00:17,00:00:33,00:17:16,00:00:19,00:00:05,00:15:41,00:00:18,Medium,NA,Unspecified*,2.512,2.929,0.5,28.0,97.0,NA,---,---,0,15237,0,15237,0.000,0,21145,0.000,2.552,,,,,,,,,,,,
12,I352_O016_D008_II1_M1_F1_IR0_R1,0.198,0.000,0.039,0.000,5.437,,,,,,,,,00:31:04,00:15:12,00:01:59,00:00:23,00:00:06,00:06:06,00:00:14,00:00:00,00:00:10,00:00:00,00:00:16,00:00:32,00:20:01,00:00:17,00:00:05,00:15:33,00:00:16,Medium,NA,Unspecified*,2.512,2.925,0.5,28.0,97.0,NA,---,---,0,15263,0,15263,0.000,0,21171,0.000,2.552,,,,,,,,,,,,
38,I352_O016_D008_II1_M1_F1_IR1_R0,0.048,0.000,0.039,0.000,5.487,,,,,,,,,00:36:39,00:15:44,00:02:11,00:00:25,00:00:07,00:06:36,00:00:14,00:00:00,00:00:10,00:00:00,00:00:16,00:00:32,00:24:39,00:00:19,00:00:05,00:16:06,00:00:17,Medium,NA,Unspecified*,2.513,2.974,0.5,28.0,97.0,NA,---,---,0,22955,0,22955,0.000,0,22552,0.000,2.552,,,,,,,,,,,,
25,I352_O016_D008_II1_M1_F1_IR1_R1,0.072,0.000,0.039,0.000,5.520,,,,,,,,,02:35:55,00:15:35,00:01:58,00:00:23,00:00:07,00:06:31,00:00:16,00:00:00,00:00:11,00:00:00,00:00:17,00:00:33,02:24:21,00:00:18,00:00:05,00:15:55,00:00:15,Medium,NA,Unspecified*,2.513,3.007,0.5,28.0,97.0,NA,---,---,0,22981,0,22981,0.000,0,22578,0.000,2.552,,,,,,,,,,,,
100,I352_O016_D008_II4_M0_F1_IR0_R0,0.542,0.000,0.048,0.000,4.127,53934,4.56,10988,0.46,53934,4.56,0,0.00,00:25:06,00:18:54,00:02:06,00:00:24,00:00:07,00:07:23,00:00:16,00:00:00,00:00:12,00:00:00,00:00:19,00:00:35,00:12:26,00:00:17,00:00:05,00:19:16,00:00:17,Medium,NA,Unspecified*,2.493,1.635,0.5,27.2,97.8,NA,---,---,0,19658,0,19658,0.000,0,10988,0.000,2.850,0,0.00,749,0.13,5,<0.01,0,0.00,10988,0.46,0,0.00
77,I352_O016_D008_II4_M0_F1_IR0_R1,0.542,0.000,0.048,0.000,4.127,53934,4.56,10988,0.46,53934,4.56,0,0.00,00:25:15,00:18:56,00:02:05,00:00:24,00:00:08,00:07:27,00:00:17,00:00:00,00:00:13,00:00:00,00:00:21,00:00:36,00:12:25,00:00:18,00:00:05,00:19:17,00:00:16,Medium,NA,Unspecified*,2.493,1.635,0.5,27.2,97.8,NA,---,---,0,19658,0,19658,0.000,0,10988,0.000,2.850,0,0.00,749,0.13,5,<0.01,0,0.00,10988,0.46,0,0.00
87,I352_O016_D008_II4_M0_F1_IR1_R0,0.630,0.000,0.042,0.000,4.774,54029,4.57,23584,1.00,54029,4.57,0,0.00,00:25:41,00:20:23,00:02:05,00:00:25,00:00:09,00:07:06,00:00:16,00:00:00,00:00:11,00:00:00,00:00:19,00:00:38,00:13:08,00:00:19,00:00:05,00:20:45,00:00:17,Medium,NA,Unspecified*,2.502,2.272,0.5,27.6,97.4,NA,---,---,0,41503,0,41503,0.000,0,23584,0.000,2.850,0,0.00,744,0.13,0,0.00,0,0.00,23584,1.00,0,0.00
51,I352_O016_D008_II4_M0_F1_IR1_R1,0.630,0.000,0.042,0.000,4.774,54029,4.57,23584,1.00,54029,4.57,0,0.00,00:26:10,00:20:27,00:02:07,00:00:25,00:00:09,00:07:36,00:00:15,00:00:00,00:00:11,00:00:00,00:00:18,00:00:36,00:13:10,00:00:18,00:00:05,00:20:49,00:00:17,Medium,NA,Unspecified*,2.502,2.272,0.5,27.6,97.4,NA,---,---,0,41503,0,41503,0.000,0,23584,0.000,2.850,0,0.00,744,0.13,0,0.00,0,0.00,23584,1.00,0,0.00
16,I352_O016_D008_II4_M1_F1_IR0_R1,0.572,0.000,0.053,0.000,3.847,46755,3.95,12242,0.52,46755,3.95,0,0.00,00:23:01,00:14:27,00:01:57,00:00:21,00:00:06,00:05:52,00:00:14,00:00:00,00:00:10,00:00:00,00:00:15,00:00:31,00:12:23,00:00:16,00:00:05,00:14:47,00:00:15,Medium,NA,Unspecified*,2.489,1.358,0.5,27.1,97.9,NA,---,---,0,18111,0,18111,0.000,0,12242,0.000,2.850,0,0.00,9319,1.58,3840,1.30,0,0.00,12242,0.52,0,0.00
28,I352_O016_D008_II4_M1_F1_IR1_R1,0.527,0.000,0.043,0.000,4.404,47029,3.98,22055,0.93,47029,3.98,0,0.00,00:29:42,00:19:09,00:01:58,00:00:22,00:00:07,00:06:45,00:00:14,00:00:00,00:00:10,00:00:00,00:00:16,00:00:32,00:18:03,00:00:17,00:00:05,00:19:30,00:00:16,Medium,NA,Unspecified*,2.497,1.907,0.5,27.4,97.6,NA,---,---,0,38405,0,38405,0.000,0,22055,0.000,2.850,0,0.00,9284,1.57,3840,1.30,0,0.00,22055,0.93,0,0.00
